{
  "name": "Menu",
  "alias": "menu",
  "description": "Managing menus.",
  "keywords": [
  ],
  "version": "2.5.0",
  "active": 1,
  "priority": 1,
  "providers": [
    "Modules\\Menu\\Providers\\RouteServiceProvider",
    "Modules\\Menu\\Providers\\MenuServiceProvider",
    "Modules\\Menu\\Providers\\EventServiceProvider",
    "Nwidart\\Menus\\MenusServiceProvider"
  ],
  "aliases": {
    "Menu": "Nwidart\\Menus\\Facades\\Menu",
    "MenuDirective": "Modules\\Menu\\Blade\\Facades\\MenuDirective"
  },
  "files": []
}
