{
    "name": "Core",
    "alias": "core",
    "description": "The core module with all base classes and logic.",
    "keywords": [],
    "require": {},
    "version": "2.5.0",
    "active": 1,
    "priority": 0,
    "providers": [
        "Modules\\Core\\Providers\\CoreServiceProvider",
        "Modules\\Core\\Providers\\SidebarServiceProvider",
        "Modules\\Core\\Providers\\AssetServiceProvider",
        "FloatingPoint\\Stylist\\StylistServiceProvider",
        "Maatwebsite\\Sidebar\\SidebarServiceProvider"
    ],
    "aliases": {
        "AsgardEditorDirective": "Modules\\Core\\Blade\\Facades\\AsgardEditorDirective"
    },
    "files": [
        "start.php",
        "helpers.php",
        "macros.php",
        "collectionMacros.php"
    ]
}
