{
    "name": "Blog",
    "alias": "blog",
    "description": "A simple blog module with categories and tags",
    "keywords": [],
    "version": "2.2.0",
    "active": 1,
    "order": 1,
    "providers": [
        "Modules\\Blog\\Providers\\BlogServiceProvider",
        "Modules\\Blog\\Providers\\RouteServiceProvider"
    ],
    "widgets": [
        "Modules\\Blog\\Widgets\\PostsWidget",
        "Modules\\Blog\\Widgets\\CategoriesWidget",
        "Modules\\Blog\\Widgets\\LatestPostsWidget"
    ],
    "files": [
    ]
}
